PX_LAST,BN_SURVEY_MEDIAN,Jobless_Claims_surprise,Jobless_Claims_surprise_z,Jobless_Claims_Release_date
219,225.0,-6.0,-0.09603691121389905,2025-04-03
225,225.0,0.0,-0.02804598383026173,2025-03-27
225,224.0,1.0,-0.016714162599655507,2025-03-20
223,225.0,-2.0,-0.05070962629147417,2025-03-13
224,233.0,-9.0,-0.13003237490571773,2025-03-06
243,221.0,22.0,0.22125408324307516,2025-02-27
224,215.0,9.0,0.07394040724519427,2025-02-20
215,215.5,-0.5,-0.03371189444556484,2025-02-13
222,213.0,9.0,0.07394040724519427,2025-02-06
210,225.0,-15.0,-0.19802330228935502,2025-01-30
222,220.0,2.0,-0.0053823413690492865,2025-01-23
217,210.0,7.0,0.05127676478398182,2025-01-16
205,215.0,-10.0,-0.14136419613632395,2025-01-08
209,221.0,-12.0,-0.1640278385975364,2025-01-02
219,223.0,-4.0,-0.07337326875268661,2024-12-26
222,230.0,-8.0,-0.11870055367511151,2024-12-19
239,220.0,19.0,0.1872586195512565,2024-12-12
225,215.0,10.0,0.08527222847580049,2024-12-05
216,215.0,1.0,-0.016714162599655507,2024-11-27
216,220.0,-4.0,-0.07337326875268661,2024-11-21
219,220.0,-1.0,-0.03937780506086795,2024-11-14
221,222.0,-1.0,-0.03937780506086795,2024-11-07
218,230.0,-12.0,-0.1640278385975364,2024-10-31
228,241.5,-13.5,-0.18102557044344572,2024-10-24
240,259.0,-19.0,-0.24335058721177993,2024-10-17
259,230.0,29.0,0.3005768318573187,2024-10-10
227,221.0,6.0,0.0399449435533756,2024-10-03
221,223.4,-2.4000000000000057,-0.055242354783716724,2024-09-26
222,230.0,-8.0,-0.11870055367511151,2024-09-19
230,226.0,4.0,0.017281301092163158,2024-09-12
228,230.0,-2.0,-0.05070962629147417,2024-09-05
232,232.0,0.0,-0.02804598383026173,2024-08-29
232,232.0,0.0,-0.02804598383026173,2024-08-22
228,235.0,-7.0,-0.10736873244450529,2024-08-15
234,240.0,-6.0,-0.09603691121389905,2024-08-08
248,236.0,12.0,0.10793587093701293,2024-08-01
236,238.0,-2.0,-0.05070962629147417,2024-07-25
240,228.5,11.5,0.10226996032170982,2024-07-18
222,235.0,-13.0,-0.1753596598281426,2024-07-11
238,235.0,3.0,0.005949479861556935,2024-07-03
233,235.0,-2.0,-0.05070962629147417,2024-06-27
237,235.0,2.0,-0.0053823413690492865,2024-06-20
241,225.0,16.0,0.1532631558594378,2024-06-13
229,220.0,9.0,0.07394040724519427,2024-06-06
221,217.0,4.0,0.017281301092163158,2024-05-30
216,220.0,-4.0,-0.07337326875268661,2024-05-23
222,220.0,2.0,-0.0053823413690492865,2024-05-16
229,212.0,17.0,0.16459497709004403,2024-05-09
209,211.0,-2.0,-0.05070962629147417,2024-05-02
209,215.0,-6.0,-0.09603691121389905,2024-04-25
211,215.0,-4.0,-0.07337326875268661,2024-04-18
212,215.0,-3.0,-0.06204144752208039,2024-04-11
223,214.0,9.0,0.07394040724519427,2024-04-04
214,212.0,2.0,-0.0053823413690492865,2024-03-28
213,213.0,0.0,-0.02804598383026173,2024-03-21
213,218.0,-5.0,-0.08470508998329283,2024-03-14
212,216.0,-4.0,-0.07337326875268661,2024-03-07
214,210.0,4.0,0.017281301092163158,2024-02-29
203,216.0,-13.0,-0.1753596598281426,2024-02-22
212,220.0,-8.0,-0.11870055367511151,2024-02-15
214,220.0,-6.0,-0.09603691121389905,2024-02-08
225,212.0,13.0,0.11926769216761915,2024-02-01
223,200.0,23.0,0.23258590447368138,2024-01-25
193,205.0,-12.0,-0.1640278385975364,2024-01-18
199,210.0,-11.0,-0.15269601736693017,2024-01-11
198,216.0,-18.0,-0.2320187659811737,2024-01-04
210,210.0,0.0,-0.02804598383026173,2023-12-28
209,215.0,-6.0,-0.09603691121389905,2023-12-21
204,220.0,-16.0,-0.20935512351996124,2023-12-14
216,220.0,-4.0,-0.07337326875268661,2023-12-07
214,218.0,-4.0,-0.07337326875268661,2023-11-30
213,227.0,-14.0,-0.1866914810587488,2023-11-22
229,220.0,9.0,0.07394040724519427,2023-11-16
216,218.0,-2.0,-0.05070962629147417,2023-11-09
217,210.0,7.0,0.05127676478398182,2023-11-02
214,207.0,7.0,0.05127676478398182,2023-10-26
200,210.0,-10.0,-0.14136419613632395,2023-10-19
210,210.0,0.0,-0.02804598383026173,2023-10-12
216,210.0,6.0,0.0399449435533756,2023-10-05
215,214.5,0.5,-0.02238007321495862,2023-09-28
210,225.0,-15.0,-0.19802330228935502,2023-09-21
227,225.0,2.0,-0.0053823413690492865,2023-09-14
227,233.0,-6.0,-0.09603691121389905,2023-09-07
234,235.0,-1.0,-0.03937780506086795,2023-08-31
240,240.0,0.0,-0.02804598383026173,2023-08-24
248,240.0,8.0,0.06260858601458805,2023-08-17
258,230.0,28.0,0.2892450106267125,2023-08-10
238,225.0,13.0,0.11926769216761915,2023-08-03
231,235.0,-4.0,-0.07337326875268661,2023-07-27
228,240.0,-12.0,-0.1640278385975364,2023-07-20
229,250.0,-21.0,-0.2660142296729924,2023-07-13
248,245.0,3.0,0.005949479861556935,2023-07-06
236,265.0,-29.0,-0.35666879951784214,2023-06-29
260,259.0,1.0,-0.016714162599655507,2023-06-22
258,245.0,13.0,0.11926769216761915,2023-06-15
253,235.0,18.0,0.17592679832065025,2023-06-08
230,234.5,-4.5,-0.07903917936798972,2023-06-01
227,245.0,-18.0,-0.2320187659811737,2023-05-25
225,251.5,-26.5,-0.32833924644132656,2023-05-18
223,245.0,-22.0,-0.2773460509035986,2023-05-11
214,240.0,-26.0,-0.3226733358260235,2023-05-04
210,248.0,-38.0,-0.4586551905932981,2023-04-27
223,240.0,-17.0,-0.22068694475056747,2023-04-20
219,235.0,-16.0,-0.20935512351996124,2023-04-13
217,200.0,17.0,0.16459497709004403,2023-04-06
234,196.0,38.0,0.4025632229327747,2023-03-30
230,197.0,33.0,0.3459041167797436,2023-03-23
222,205.0,17.0,0.16459497709004403,2023-03-16
229,195.0,34.0,0.3572359380103498,2023-03-09
209,195.0,14.0,0.13059951339822537,2023-03-02
217,200.0,17.0,0.16459497709004403,2023-02-23
219,200.0,19.0,0.1872586195512565,2023-02-16
215,190.0,25.0,0.2552495469348938,2023-02-09
200,195.0,5.0,0.02861312232276938,2023-02-02
203,205.0,-2.0,-0.05070962629147417,2023-01-26
203,213.5,-10.5,-0.14703010675162706,2023-01-19
208,215.0,-7.0,-0.10736873244450529,2023-01-12
204,225.0,-21.0,-0.2660142296729924,2023-01-05
204,225.0,-21.0,-0.2660142296729924,2022-12-29
213,222.0,-9.0,-0.13003237490571773,2022-12-22
210,232.0,-22.0,-0.2773460509035986,2022-12-15
209,230.0,-21.0,-0.2660142296729924,2022-12-08
209,235.0,-26.0,-0.3226733358260235,2022-12-01
220,225.0,-5.0,-0.08470508998329283,2022-11-23
210,228.0,-18.0,-0.2320187659811737,2022-11-17
204,220.0,-16.0,-0.20935512351996124,2022-11-10
202,220.0,-18.0,-0.2320187659811737,2022-11-03
201,220.0,-19.0,-0.24335058721177993,2022-10-27
199,233.0,-34.0,-0.41332790567087324,2022-10-20
206,225.0,-19.0,-0.24335058721177993,2022-10-13
204,204.0,0.0,-0.02804598383026173,2022-10-06
189,215.0,-26.0,-0.3226733358260235,2022-09-29
201,217.0,-16.0,-0.20935512351996124,2022-09-22
197,227.0,-30.0,-0.36800062074844836,2022-09-15
204,235.0,-31.0,-0.3793324419790546,2022-09-08
210,247.5,-37.5,-0.45298927997799504,2022-09-01
215,252.0,-37.0,-0.4473233693626919,2022-08-25
220,263.5,-43.5,-0.5209802073616323,2022-08-18
221,264.5,-43.5,-0.5209802073616323,2022-08-11
228,260.0,-32.0,-0.3906642632096608,2022-08-04
220,250.0,-30.0,-0.36800062074844836,2022-07-28
216,240.0,-24.0,-0.30000969336481104,2022-07-21
212,235.0,-23.0,-0.2886778721342048,2022-07-14
215,230.0,-15.0,-0.19802330228935502,2022-07-07
212,229.5,-17.5,-0.22635285536587058,2022-06-30
215,226.0,-11.0,-0.15269601736693017,2022-06-23
213,216.5,-3.5,-0.0677073581373835,2022-06-16
214,206.0,8.0,0.06260858601458805,2022-06-09
200,210.0,-10.0,-0.14136419613632395,2022-06-02
211,215.0,-4.0,-0.07337326875268661,2022-05-26
225,200.0,25.0,0.2552495469348938,2022-05-19
204,193.0,11.0,0.09660404970640671,2022-05-12
219,180.0,39.0,0.4138950441633809,2022-05-05
210,180.0,30.0,0.3119086530879249,2022-04-28
209,180.0,29.0,0.3005768318573187,2022-04-21
213,170.0,43.0,0.45922232908580585,2022-04-14
215,200.0,15.0,0.1419313346288316,2022-04-07
214,196.0,18.0,0.17592679832065025,2022-03-31
207,210.0,-3.0,-0.06204144752208039,2022-03-24
217,220.0,-3.0,-0.06204144752208039,2022-03-17
222,217.0,5.0,0.02861312232276938,2022-03-10
209,225.0,-16.0,-0.20935512351996124,2022-03-03
225,235.0,-10.0,-0.14136419613632395,2022-02-24
234,218.0,16.0,0.1532631558594378,2022-02-17
210,230.0,-20.0,-0.25468240844238615,2022-02-10
231,245.0,-14.0,-0.1866914810587488,2022-02-03
238,265.0,-27.0,-0.3340051570566297,2022-01-27
245,225.0,20.0,0.19859044078186272,2022-01-20
247,200.0,47.0,0.5045496140082307,2022-01-13
227,194.5,32.5,0.3402382061644405,2022-01-06
216,206.0,10.0,0.08527222847580049,2021-12-30
215,205.0,10.0,0.08527222847580049,2021-12-23
227,200.0,27.0,0.27791318939610626,2021-12-16
207,220.0,-13.0,-0.1753596598281426,2021-12-09
222,240.0,-18.0,-0.2320187659811737,2021-12-02
223,260.0,-37.0,-0.4473233693626919,2021-11-24
250,260.0,-10.0,-0.14136419613632395,2021-11-18
251,260.0,-9.0,-0.13003237490571773,2021-11-10
262,275.0,-13.0,-0.1753596598281426,2021-11-04
268,287.5,-19.5,-0.24901649782708304,2021-10-28
290,297.0,-7.0,-0.10736873244450529,2021-10-21
290,320.0,-30.0,-0.36800062074844836,2021-10-14
314,348.0,-34.0,-0.41332790567087324,2021-10-07
374,330.0,44.0,0.47055415031641207,2021-09-30
367,320.0,47.0,0.5045496140082307,2021-09-23
344,321.5,22.5,0.22691999385837827,2021-09-16
337,335.0,2.0,-0.0053823413690492865,2021-09-09
353,345.0,8.0,0.06260858601458805,2021-09-02
358,350.0,8.0,0.06260858601458805,2021-08-26
368,364.0,4.0,0.017281301092163158,2021-08-19
361,375.0,-14.0,-0.1866914810587488,2021-08-12
380,383.0,-3.0,-0.06204144752208039,2021-08-05
380,384.5,-4.5,-0.07903917936798972,2021-07-29
387,350.0,37.0,0.39123140170216847,2021-07-22
332,350.0,-18.0,-0.2320187659811737,2021-07-15
371,350.0,21.0,0.20992226201246894,2021-07-08
369,388.0,-19.0,-0.24335058721177993,2021-07-01
422,380.0,42.0,0.4478905078551996,2021-06-24
428,360.0,68.0,0.7425178598509614,2021-06-17
420,370.0,50.0,0.5385450777000493,2021-06-10
427,386.5,40.5,0.43089277600929027,2021-06-03
441,425.0,16.0,0.1532631558594378,2021-05-27
467,450.0,17.0,0.16459497709004403,2021-05-20
494,490.0,4.0,0.017281301092163158,2021-05-13
517,537.5,-20.5,-0.26034831905768924,2021-05-06
574,540.0,34.0,0.3572359380103498,2021-04-29
566,610.0,-44.0,-0.5266461179769355,2021-04-22
571,700.0,-129.0,-1.4898509225784644,2021-04-15
645,680.0,-35.0,-0.42465972690147946,2021-04-08
658,675.0,-17.0,-0.22068694475056747,2021-04-01
627,730.0,-103.0,-1.1952235705827026,2021-03-25
699,700.0,-1.0,-0.03937780506086795,2021-03-18
693,725.0,-32.0,-0.3906642632096608,2021-03-11
704,750.0,-46.0,-0.5493097604381479,2021-03-04
702,825.0,-123.0,-1.421859995194827,2021-02-25
802,772.5,29.5,0.30624274247262184,2021-02-18
812,760.0,52.0,0.5612087201612618,2021-02-11
803,830.0,-27.0,-0.3340051570566297,2021-02-04
799,875.0,-76.0,-0.8892643973563346,2021-01-28
844,935.0,-91.0,-1.059241715815428,2021-01-21
890,788.5,101.5,1.1221338710762698,2021-01-14
803,800.0,3.0,0.005949479861556935,2021-01-07
773,835.0,-62.0,-0.7306189001278475,2020-12-31
815,880.0,-65.0,-0.7646143638196661,2020-12-23
886,817.5,68.5,0.7481837704662645,2020-12-17
873,725.0,148.0,1.649063558299459,2020-12-10
737,775.0,-38.0,-0.4586551905932981,2020-12-03
793,730.0,63.0,0.6858587536979303,2020-11-25
738,700.0,38.0,0.4025632229327747,2020-11-19
737,731.0,6.0,0.0399449435533756,2020-11-12
773,735.0,38.0,0.4025632229327747,2020-11-05
776,770.0,6.0,0.0399449435533756,2020-10-29
804,870.0,-66.0,-0.7759461850502724,2020-10-22
839,825.0,14.0,0.13059951339822537,2020-10-15
785,820.0,-35.0,-0.42465972690147946,2020-10-08
795,850.0,-55.0,-0.6512961515136039,2020-10-01
859,840.0,19.0,0.1872586195512565,2020-09-24
861,850.0,11.0,0.09660404970640671,2020-09-17
892,850.0,42.0,0.4478905078551996,2020-09-10
881,950.0,-69.0,-0.809941648742091,2020-09-03
876,1000.0,-124.0,-1.4331918164254331,2020-08-27
927,920.0,7.0,0.05127676478398182,2020-08-20
884,1100.0,-216.0,-2.4757193696412054,2020-08-13
1044,1400.0,-356.0,-4.0621743419260765,2020-08-06
1260,1445.0,-185.0,-2.1244329114924128,2020-07-30
1393,1300.0,93.0,1.0258133906161169,2020-07-23
1468,1250.0,218.0,2.4422910444418946,2020-07-16
1413,1375.0,38.0,0.4025632229327747,2020-07-09
1446,1350.0,96.0,1.0598088543079356,2020-07-02
1467,1320.0,147.0,1.6377317370688529,2020-06-25
1473,1290.0,183.0,2.045677301370677,2020-06-18
1575,1550.0,25.0,0.2552495469348938,2020-06-11
1639,1833.0,-194.0,-2.226419302567869,2020-06-04
1921,2100.0,-179.0,-2.0564419841087753,2020-05-28
2176,2400.0,-224.0,-2.566373939486055,2020-05-21
2335,2500.0,-165.0,-1.8977964868802883,2020-05-14
2796,3000.0,-204.0,-2.339737514873931,2020-05-07
3446,3500.0,-54.0,-0.6399643302829977,2020-04-30
4201,4500.0,-299.0,-3.4162605317815222,2020-04-23
4869,5500.0,-631.0,-7.178425180342788,2020-04-16
6137,5500.0,637.0,7.1903241400659015,2020-04-09
5946,3763.0,2183.0,24.70931976258312,2020-04-02
2914,1700.0,1214.0,13.72878499012569,2020-03-26
273,220.0,53.0,0.572540541391868,2020-03-19
208,220.0,-12.0,-0.1640278385975364,2020-03-12
215,215.0,0.0,-0.02804598383026173,2020-03-05
218,212.0,6.0,0.0399449435533756,2020-02-27
209,210.0,-1.0,-0.03937780506086795,2020-02-20
202,210.0,-8.0,-0.11870055367511151,2020-02-13
207,215.0,-8.0,-0.11870055367511151,2020-02-06
210,215.0,-5.0,-0.08470508998329283,2020-01-30
221,214.0,7.0,0.05127676478398182,2020-01-23
207,218.0,-11.0,-0.15269601736693017,2020-01-16
224,220.0,4.0,0.017281301092163158,2020-01-09
231,220.0,11.0,0.09660404970640671,2020-01-02
230,220.0,10.0,0.08527222847580049,2019-12-26
236,225.0,11.0,0.09660404970640671,2019-12-19
247,214.0,33.0,0.3459041167797436,2019-12-12
231,215.0,16.0,0.1532631558594378,2019-12-05
221,220.5,0.5,-0.02238007321495862,2019-11-27
229,218.0,11.0,0.09660404970640671,2019-11-21
227,215.0,12.0,0.10793587093701293,2019-11-14
214,215.0,-1.0,-0.03937780506086795,2019-11-07
215,215.0,0.0,-0.02804598383026173,2019-10-31
210,215.0,-5.0,-0.08470508998329283,2019-10-24
215,215.0,0.0,-0.02804598383026173,2019-10-17
209,220.0,-11.0,-0.15269601736693017,2019-10-10
215,215.0,0.0,-0.02804598383026173,2019-10-03
211,211.5,-0.5,-0.03371189444556484,2019-09-26
205,213.0,-8.0,-0.11870055367511151,2019-09-19
207,215.0,-8.0,-0.11870055367511151,2019-09-12
215,215.0,0.0,-0.02804598383026173,2019-09-05
213,214.0,-1.0,-0.03937780506086795,2019-08-29
207,216.0,-9.0,-0.13003237490571773,2019-08-22
212,212.0,0.0,-0.02804598383026173,2019-08-15
208,215.0,-7.0,-0.10736873244450529,2019-08-08
206,214.0,-8.0,-0.11870055367511151,2019-08-01
202,218.0,-16.0,-0.20935512351996124,2019-07-25
211,215.5,-4.5,-0.07903917936798972,2019-07-18
215,221.0,-6.0,-0.09603691121389905,2019-07-11
226,222.5,3.5,0.011615390476860046,2019-07-03
234,220.0,14.0,0.13059951339822537,2019-06-27
217,220.0,-3.0,-0.06204144752208039,2019-06-20
226,215.0,11.0,0.09660404970640671,2019-06-13
223,215.0,8.0,0.06260858601458805,2019-06-06
222,214.0,8.0,0.06260858601458805,2019-05-30
215,215.0,0.0,-0.02804598383026173,2019-05-23
212,220.0,-8.0,-0.11870055367511151,2019-05-16
225,220.0,5.0,0.02861312232276938,2019-05-09
224,215.0,9.0,0.07394040724519427,2019-05-02
222,200.0,22.0,0.22125408324307516,2019-04-25
197,205.0,-8.0,-0.11870055367511151,2019-04-18
196,210.0,-14.0,-0.1866914810587488,2019-04-11
203,215.0,-12.0,-0.1640278385975364,2019-04-04
210,220.0,-10.0,-0.14136419613632395,2019-03-28
212,225.0,-13.0,-0.1753596598281426,2019-03-21
218,225.0,-7.0,-0.10736873244450529,2019-03-14
216,225.0,-9.0,-0.13003237490571773,2019-03-07
221,220.0,1.0,-0.016714162599655507,2019-02-28
211,228.2,-17.19999999999999,-0.22295330899668858,2019-02-21
226,225.0,1.0,-0.016714162599655507,2019-02-14
232,221.0,11.0,0.09660404970640671,2019-02-07
234,215.0,19.0,0.1872586195512565,2019-01-31
214,218.0,-4.0,-0.07337326875268661,2019-01-24
218,220.0,-2.0,-0.05070962629147417,2019-01-17
225,226.0,-1.0,-0.03937780506086795,2019-01-10
238,220.0,18.0,0.17592679832065025,2019-01-03
228,215.5,12.5,0.11360178155231604,2018-12-27
217,215.0,2.0,-0.0053823413690492865,2018-12-20
208,226.5,-18.5,-0.23768467659647682,2018-12-13
232,225.0,7.0,0.05127676478398182,2018-12-06
237,220.0,17.0,0.16459497709004403,2018-11-29
225,215.0,10.0,0.08527222847580049,2018-11-21
221,213.0,8.0,0.06260858601458805,2018-11-15
218,214.0,4.0,0.017281301092163158,2018-11-08
216,212.0,4.0,0.017281301092163158,2018-11-01
217,215.0,2.0,-0.0053823413690492865,2018-10-25
208,211.0,-3.0,-0.06204144752208039,2018-10-18
211,206.5,4.5,0.022947211707466268,2018-10-11
210,215.0,-5.0,-0.08470508998329283,2018-10-04
205,210.0,-5.0,-0.08470508998329283,2018-09-27
206,210.0,-4.0,-0.07337326875268661,2018-09-20
204,210.0,-6.0,-0.09603691121389905,2018-09-13
201,212.5,-11.5,-0.15836192798223328,2018-09-06
211,212.0,-1.0,-0.03937780506086795,2018-08-30
207,215.0,-8.0,-0.11870055367511151,2018-08-23
206,215.0,-9.0,-0.13003237490571773,2018-08-16
210,220.0,-10.0,-0.14136419613632395,2018-08-09
207,220.0,-13.0,-0.1753596598281426,2018-08-02
210,215.0,-5.0,-0.08470508998329283,2018-07-26
205,220.0,-15.0,-0.19802330228935502,2018-07-19
216,225.0,-9.0,-0.13003237490571773,2018-07-12
228,225.0,3.0,0.005949479861556935,2018-07-05
222,220.0,2.0,-0.0053823413690492865,2018-06-28
218,220.0,-2.0,-0.05070962629147417,2018-06-21
222,223.0,-1.0,-0.03937780506086795,2018-06-14
223,220.4,2.5999999999999943,0.001416751369314382,2018-06-07
222,228.0,-6.0,-0.09603691121389905,2018-05-31
230,220.0,10.0,0.08527222847580049,2018-05-24
222,215.0,7.0,0.05127676478398182,2018-05-17
211,219.0,-8.0,-0.11870055367511151,2018-05-10
209,225.0,-16.0,-0.20935512351996124,2018-05-03
207,230.0,-23.0,-0.2886778721342048,2018-04-26
236,230.0,6.0,0.0399449435533756,2018-04-19
234,230.0,4.0,0.017281301092163158,2018-04-12
232,225.0,7.0,0.05127676478398182,2018-04-05
221,230.0,-9.0,-0.13003237490571773,2018-03-29
225,225.0,0.0,-0.02804598383026173,2018-03-22
223,227.5,-4.5,-0.07903917936798972,2018-03-15
228,220.0,8.0,0.06260858601458805,2018-03-08
216,225.0,-9.0,-0.13003237490571773,2018-03-01
219,230.0,-11.0,-0.15269601736693017,2018-02-22
225,228.0,-3.0,-0.06204144752208039,2018-02-15
224,232.0,-8.0,-0.11870055367511151,2018-02-08
228,235.0,-7.0,-0.10736873244450529,2018-02-01
231,235.0,-4.0,-0.07337326875268661,2018-01-25
230,249.0,-19.0,-0.24335058721177993,2018-01-18
252,245.0,7.0,0.05127676478398182,2018-01-11
248,240.0,8.0,0.06260858601458805,2018-01-04
251,240.0,11.0,0.09660404970640671,2017-12-28
244,233.0,11.0,0.09660404970640671,2017-12-21
229,236.0,-7.0,-0.10736873244450529,2017-12-14
241,240.0,1.0,-0.016714162599655507,2017-12-07
243,240.0,3.0,0.005949479861556935,2017-11-30
246,240.0,6.0,0.0399449435533756,2017-11-22
254,235.0,19.0,0.1872586195512565,2017-11-16
248,232.0,16.0,0.1532631558594378,2017-11-09
241,235.0,6.0,0.0399449435533756,2017-11-02
241,235.0,6.0,0.0399449435533756,2017-10-26
235,240.0,-5.0,-0.08470508998329283,2017-10-19
252,250.0,2.0,-0.0053823413690492865,2017-10-12
260,265.0,-5.0,-0.08470508998329283,2017-10-05
264,270.0,-6.0,-0.09603691121389905,2017-09-28
261,301.5,-40.5,-0.4869847436698137,2017-09-21
280,300.0,-20.0,-0.25468240844238615,2017-09-14
297,245.0,52.0,0.5612087201612618,2017-09-07
247,238.0,9.0,0.07394040724519427,2017-08-31
245,238.0,7.0,0.05127676478398182,2017-08-24
245,240.0,5.0,0.02861312232276938,2017-08-17
254,240.0,14.0,0.13059951339822537,2017-08-10
245,243.0,2.0,-0.0053823413690492865,2017-08-03
249,240.0,9.0,0.07394040724519427,2017-07-27
245,245.0,0.0,-0.02804598383026173,2017-07-20
259,245.0,14.0,0.13059951339822537,2017-07-13
256,243.0,13.0,0.11926769216761915,2017-07-06
247,240.0,7.0,0.05127676478398182,2017-06-29
249,240.0,9.0,0.07394040724519427,2017-06-22
245,241.0,4.0,0.017281301092163158,2017-06-15
251,240.0,11.0,0.09660404970640671,2017-06-08
253,238.0,15.0,0.1419313346288316,2017-06-01
236,238.0,-2.0,-0.05070962629147417,2017-05-25
234,240.0,-6.0,-0.09603691121389905,2017-05-18
233,245.0,-12.0,-0.1640278385975364,2017-05-11
232,248.0,-16.0,-0.20935512351996124,2017-05-04
238,245.0,-7.0,-0.10736873244450529,2017-04-27
231,240.0,-9.0,-0.13003237490571773,2017-04-20
222,245.0,-23.0,-0.2886778721342048,2017-04-13
216,250.0,-34.0,-0.41332790567087324,2017-04-06
236,247.0,-11.0,-0.15269601736693017,2017-03-30
235,240.0,-5.0,-0.08470508998329283,2017-03-23
228,240.0,-12.0,-0.1640278385975364,2017-03-16
236,238.0,-2.0,-0.05070962629147417,2017-03-09
221,245.0,-24.0,-0.30000969336481104,2017-03-02
237,240.0,-3.0,-0.06204144752208039,2017-02-23
233,245.0,-12.0,-0.1640278385975364,2017-02-16
230,249.0,-19.0,-0.24335058721177993,2017-02-09
241,250.0,-9.0,-0.13003237490571773,2017-02-02
250,247.0,3.0,0.005949479861556935,2017-01-26
240,252.0,-12.0,-0.1640278385975364,2017-01-19
245,255.0,-10.0,-0.14136419613632395,2017-01-12
244,260.0,-16.0,-0.20935512351996124,2017-01-05
257,264.5,-7.5,-0.1130346430598084,2016-12-29
260,257.0,3.0,0.005949479861556935,2016-12-22
252,255.0,-3.0,-0.06204144752208039,2016-12-15
248,255.0,-7.0,-0.10736873244450529,2016-12-08
255,253.0,2.0,-0.0053823413690492865,2016-12-01
246,250.0,-4.0,-0.07337326875268661,2016-11-23
232,257.0,-25.0,-0.31134151459541726,2016-11-17
250,260.0,-10.0,-0.14136419613632395,2016-11-10
265,256.0,9.0,0.07394040724519427,2016-11-03
256,256.0,0.0,-0.02804598383026173,2016-10-27
263,250.0,13.0,0.11926769216761915,2016-10-20
250,253.0,-3.0,-0.06204144752208039,2016-10-13
245,256.0,-11.0,-0.15269601736693017,2016-10-06
247,260.0,-13.0,-0.1753596598281426,2016-09-29
250,261.0,-11.0,-0.15269601736693017,2016-09-22
252,265.0,-13.0,-0.1753596598281426,2016-09-15
257,265.0,-8.0,-0.11870055367511151,2016-09-08
261,265.0,-4.0,-0.07337326875268661,2016-09-01
264,265.0,-1.0,-0.03937780506086795,2016-08-25
264,265.0,-1.0,-0.03937780506086795,2016-08-18
265,265.0,0.0,-0.02804598383026173,2016-08-11
266,265.0,1.0,-0.016714162599655507,2016-08-04
264,261.5,2.5,0.0002835692462538242,2016-07-28
260,265.0,-5.0,-0.08470508998329283,2016-07-21
252,265.0,-13.0,-0.1753596598281426,2016-07-14
255,268.6,-13.600000000000023,-0.18215875256650657,2016-07-07
262,267.0,-5.0,-0.08470508998329283,2016-06-30
261,270.0,-9.0,-0.13003237490571773,2016-06-23
273,270.0,3.0,0.005949479861556935,2016-06-16
265,270.0,-5.0,-0.08470508998329283,2016-06-09
263,270.0,-7.0,-0.10736873244450529,2016-06-02
267,275.0,-8.0,-0.11870055367511151,2016-05-26
279,275.0,4.0,0.017281301092163158,2016-05-19
289,270.0,19.0,0.1872586195512565,2016-05-12
278,260.0,18.0,0.17592679832065025,2016-05-05
259,259.0,0.0,-0.02804598383026173,2016-04-28
257,265.0,-8.0,-0.11870055367511151,2016-04-21
263,270.0,-7.0,-0.10736873244450529,2016-04-14
273,270.0,3.0,0.005949479861556935,2016-04-07
271,265.0,6.0,0.0399449435533756,2016-03-31
264,268.5,-4.5,-0.07903917936798972,2016-03-24
263,268.0,-5.0,-0.08470508998329283,2016-03-17
255,275.0,-20.0,-0.25468240844238615,2016-03-10
269,270.0,-1.0,-0.03937780506086795,2016-03-03
270,270.0,0.0,-0.02804598383026173,2016-02-25
262,275.0,-13.0,-0.1753596598281426,2016-02-18
266,280.0,-14.0,-0.1866914810587488,2016-02-11
282,278.0,4.0,0.017281301092163158,2016-02-04
269,281.0,-12.0,-0.1640278385975364,2016-01-28
290,278.0,12.0,0.10793587093701293,2016-01-21
284,275.0,9.0,0.07394040724519427,2016-01-14
273,275.0,-2.0,-0.05070962629147417,2016-01-07
276,270.0,6.0,0.0399449435533756,2015-12-31
260,270.0,-10.0,-0.14136419613632395,2015-12-24
268,275.0,-7.0,-0.10736873244450529,2015-12-17
280,270.0,10.0,0.08527222847580049,2015-12-10
265,269.0,-4.0,-0.07337326875268661,2015-12-03
261,270.0,-9.0,-0.13003237490571773,2015-11-25
272,270.0,2.0,-0.0053823413690492865,2015-11-19
276,270.0,6.0,0.0399449435533756,2015-11-12
275,262.0,13.0,0.11926769216761915,2015-11-05
264,265.0,-1.0,-0.03937780506086795,2015-10-29
264,265.0,-1.0,-0.03937780506086795,2015-10-22
265,270.0,-5.0,-0.08470508998329283,2015-10-15
267,274.0,-7.0,-0.10736873244450529,2015-10-08
272,270.5,1.5,-0.011048251984352397,2015-10-01
269,272.0,-3.0,-0.06204144752208039,2015-09-24
264,275.0,-11.0,-0.15269601736693017,2015-09-17
273,275.0,-2.0,-0.05070962629147417,2015-09-10
279,275.0,4.0,0.017281301092163158,2015-09-03
274,274.0,0.0,-0.02804598383026173,2015-08-27
279,271.0,8.0,0.06260858601458805,2015-08-20
274,270.0,4.0,0.017281301092163158,2015-08-13
270,272.0,-2.0,-0.05070962629147417,2015-08-06
269,270.0,-1.0,-0.03937780506086795,2015-07-30
265,278.0,-13.0,-0.1753596598281426,2015-07-23
285,285.0,0.0,-0.02804598383026173,2015-07-16
292,275.0,17.0,0.16459497709004403,2015-07-09
275,270.0,5.0,0.02861312232276938,2015-07-02
273,273.0,0.0,-0.02804598383026173,2015-06-25
269,277.0,-8.0,-0.11870055367511151,2015-06-18
278,275.0,3.0,0.005949479861556935,2015-06-11
275,278.0,-3.0,-0.06204144752208039,2015-06-04
281,270.0,11.0,0.09660404970640671,2015-05-28
276,270.0,6.0,0.0399449435533756,2015-05-21
271,273.0,-2.0,-0.05070962629147417,2015-05-14
267,278.0,-11.0,-0.15269601736693017,2015-05-07
269,290.0,-21.0,-0.2660142296729924,2015-04-30
295,287.0,8.0,0.06260858601458805,2015-04-23
298,280.0,18.0,0.17592679832065025,2015-04-16
282,283.0,-1.0,-0.03937780506086795,2015-04-09
269,286.0,-17.0,-0.22068694475056747,2015-04-02
284,290.0,-6.0,-0.09603691121389905,2015-03-26
290,293.0,-3.0,-0.06204144752208039,2015-03-19
293,305.0,-12.0,-0.1640278385975364,2015-03-12
317,295.0,22.0,0.22125408324307516,2015-03-05
305,290.0,15.0,0.1419313346288316,2015-02-26
285,290.0,-5.0,-0.08470508998329283,2015-02-19
298,286.5,11.5,0.10226996032170982,2015-02-12
281,290.0,-9.0,-0.13003237490571773,2015-02-05
261,300.0,-39.0,-0.46998701182390434,2015-01-29
298,300.0,-2.0,-0.05070962629147417,2015-01-22
304,290.0,14.0,0.13059951339822537,2015-01-15
294,290.0,4.0,0.017281301092163158,2015-01-08
285,290.0,-5.0,-0.08470508998329283,2014-12-31
276,290.0,-14.0,-0.1866914810587488,2014-12-24
286,295.0,-9.0,-0.13003237490571773,2014-12-18
291,297.0,-6.0,-0.09603691121389905,2014-12-11
291,295.0,-4.0,-0.07337326875268661,2014-12-04
303,288.0,15.0,0.1419313346288316,2014-11-26
293,284.0,9.0,0.07394040724519427,2014-11-20
291,280.0,11.0,0.09660404970640671,2014-11-13
280,285.0,-5.0,-0.08470508998329283,2014-11-06
291,285.0,6.0,0.0399449435533756,2014-10-30
290,280.5,9.5,0.07960631786049738,2014-10-23
281,290.0,-9.0,-0.13003237490571773,2014-10-16
293,295.0,-2.0,-0.05070962629147417,2014-10-09
290,297.0,-7.0,-0.10736873244450529,2014-10-02
295,296.0,-1.0,-0.03937780506086795,2014-09-25
288,305.0,-17.0,-0.22068694475056747,2014-09-18
307,300.0,7.0,0.05127676478398182,2014-09-11
303,300.0,3.0,0.005949479861556935,2014-09-04
300,300.0,0.0,-0.02804598383026173,2014-08-28
303,303.0,0.0,-0.02804598383026173,2014-08-21
309,295.0,14.0,0.13059951339822537,2014-08-14
295,304.0,-9.0,-0.13003237490571773,2014-08-07
303,300.0,3.0,0.005949479861556935,2014-07-31
294,306.5,-12.5,-0.1696937492128395,2014-07-24
308,310.0,-2.0,-0.05070962629147417,2014-07-17
302,315.0,-13.0,-0.1753596598281426,2014-07-10
308,312.5,-4.5,-0.07903917936798972,2014-07-03
315,310.0,5.0,0.02861312232276938,2014-06-26
314,313.0,1.0,-0.016714162599655507,2014-06-19
317,310.0,7.0,0.05127676478398182,2014-06-12
312,310.0,2.0,-0.0053823413690492865,2014-06-05
305,318.0,-13.0,-0.1753596598281426,2014-05-29
324,310.0,14.0,0.13059951339822537,2014-05-22
303,320.0,-17.0,-0.22068694475056747,2014-05-15
325,325.0,0.0,-0.02804598383026173,2014-05-08
345,320.0,25.0,0.2552495469348938,2014-05-01
327,315.0,12.0,0.10793587093701293,2014-04-24
308,315.0,-7.0,-0.10736873244450529,2014-04-17
311,320.0,-9.0,-0.13003237490571773,2014-04-10
330,318.5,11.5,0.10226996032170982,2014-04-03
313,323.0,-10.0,-0.14136419613632395,2014-03-27
321,322.0,-1.0,-0.03937780506086795,2014-03-20
322,330.0,-8.0,-0.11870055367511151,2014-03-13
319,336.0,-17.0,-0.22068694475056747,2014-03-06
341,335.0,6.0,0.0399449435533756,2014-02-27
332,335.0,-3.0,-0.06204144752208039,2014-02-20
337,330.0,7.0,0.05127676478398182,2014-02-13
331,335.0,-4.0,-0.07337326875268661,2014-02-06
340,330.0,10.0,0.08527222847580049,2014-01-30
327,330.0,-3.0,-0.06204144752208039,2014-01-23
318,328.0,-10.0,-0.14136419613632395,2014-01-16
322,335.0,-13.0,-0.1753596598281426,2014-01-09
332,343.5,-11.5,-0.15836192798223328,2014-01-02
334,345.0,-11.0,-0.15269601736693017,2013-12-26
364,335.5,28.5,0.2949109212420156,2013-12-19
354,320.0,34.0,0.3572359380103498,2013-12-12
312,320.0,-8.0,-0.11870055367511151,2013-12-05
316,330.0,-14.0,-0.1866914810587488,2013-11-27
331,335.0,-4.0,-0.07337326875268661,2013-11-21
340,330.0,10.0,0.08527222847580049,2013-11-14
342,335.0,7.0,0.05127676478398182,2013-11-07
347,338.0,9.0,0.07394040724519427,2013-10-31
351,340.0,11.0,0.09660404970640671,2013-10-24
368,335.0,33.0,0.3459041167797436,2013-10-17
368,311.0,57.0,0.6178678263142929,2013-10-10
319,315.0,4.0,0.017281301092163158,2013-10-03
314,325.0,-11.0,-0.15269601736693017,2013-09-26
323,330.0,-7.0,-0.10736873244450529,2013-09-19
300,330.0,-30.0,-0.36800062074844836,2013-09-12
325,330.0,-5.0,-0.08470508998329283,2013-09-05
336,331.8,4.199999999999989,0.01954766533828427,2013-08-29
340,330.0,10.0,0.08527222847580049,2013-08-22
327,335.0,-8.0,-0.11870055367511151,2013-08-15
339,335.0,4.0,0.017281301092163158,2013-08-08
334,345.0,-11.0,-0.15269601736693017,2013-08-01
355,340.0,15.0,0.1419313346288316,2013-07-25
344,345.0,-1.0,-0.03937780506086795,2013-07-18
351,340.0,11.0,0.09660404970640671,2013-07-11
340,345.0,-5.0,-0.08470508998329283,2013-07-03
347,345.0,2.0,-0.0053823413690492865,2013-06-27
353,340.0,13.0,0.11926769216761915,2013-06-20
337,346.0,-9.0,-0.13003237490571773,2013-06-13
346,345.0,1.0,-0.016714162599655507,2013-06-06
353,340.0,13.0,0.11926769216761915,2013-05-30
343,345.0,-2.0,-0.05070962629147417,2013-05-23
360,330.0,30.0,0.3119086530879249,2013-05-16
335,335.0,0.0,-0.02804598383026173,2013-05-09
331,345.0,-14.0,-0.1866914810587488,2013-05-02
343,350.0,-7.0,-0.10736873244450529,2013-04-25
356,350.0,6.0,0.0399449435533756,2013-04-18
359,360.0,-1.0,-0.03937780506086795,2013-04-11
375,353.0,22.0,0.22125408324307516,2013-04-04
358,340.0,18.0,0.17592679832065025,2013-03-28
343,340.0,3.0,0.005949479861556935,2013-03-21
343,350.0,-7.0,-0.10736873244450529,2013-03-14
340,355.0,-15.0,-0.19802330228935502,2013-03-07
342,360.0,-18.0,-0.2320187659811737,2013-02-28
362,355.0,7.0,0.05127676478398182,2013-02-21
347,360.0,-13.0,-0.1753596598281426,2013-02-14
361,360.0,1.0,-0.016714162599655507,2013-02-07
366,350.0,16.0,0.1532631558594378,2013-01-31
339,355.0,-16.0,-0.20935512351996124,2013-01-24
344,369.0,-25.0,-0.31134151459541726,2013-01-17
363,365.0,-2.0,-0.05070962629147417,2013-01-10
362,360.0,2.0,-0.0053823413690492865,2013-01-03
362,360.0,2.0,-0.0053823413690492865,2012-12-27
356,360.0,-4.0,-0.07337326875268661,2012-12-20
340,369.0,-29.0,-0.35666879951784214,2012-12-13
375,380.0,-5.0,-0.08470508998329283,2012-12-06
388,390.0,-2.0,-0.05070962629147417,2012-11-29
406,410.0,-4.0,-0.07337326875268661,2012-11-21
446,375.0,71.0,0.77651332354278,2012-11-15
365,365.0,0.0,-0.02804598383026173,2012-11-08
364,370.0,-6.0,-0.09603691121389905,2012-11-01
374,370.0,4.0,0.017281301092163158,2012-10-25
386,365.0,21.0,0.20992226201246894,2012-10-18
350,370.0,-20.0,-0.25468240844238615,2012-10-11
376,370.0,6.0,0.0399449435533756,2012-10-04
377,375.0,2.0,-0.0053823413690492865,2012-09-27
392,375.0,17.0,0.16459497709004403,2012-09-20
393,370.0,23.0,0.23258590447368138,2012-09-13
371,370.0,1.0,-0.016714162599655507,2012-09-06
377,370.0,7.0,0.05127676478398182,2012-08-30
376,365.0,11.0,0.09660404970640671,2012-08-23
369,365.0,4.0,0.017281301092163158,2012-08-16
371,370.0,1.0,-0.016714162599655507,2012-08-09
372,370.0,2.0,-0.0053823413690492865,2012-08-02
368,380.0,-12.0,-0.1640278385975364,2012-07-26
390,365.0,25.0,0.2552495469348938,2012-07-19
360,371.5,-11.5,-0.15836192798223328,2012-07-12
372,385.0,-13.0,-0.1753596598281426,2012-07-05
380,385.0,-5.0,-0.08470508998329283,2012-06-28
384,383.0,1.0,-0.016714162599655507,2012-06-21
383,375.0,8.0,0.06260858601458805,2012-06-14
377,378.0,-1.0,-0.03937780506086795,2012-06-07
381,370.0,11.0,0.09660404970640671,2012-05-31
371,370.0,1.0,-0.016714162599655507,2012-05-24
369,365.0,4.0,0.017281301092163158,2012-05-17
373,368.0,5.0,0.02861312232276938,2012-05-10
372,379.0,-7.0,-0.10736873244450529,2012-05-03
387,375.0,12.0,0.10793587093701293,2012-04-26
381,370.0,11.0,0.09660404970640671,2012-04-19
387,355.0,32.0,0.33457229554913737,2012-04-12
358,355.0,3.0,0.005949479861556935,2012-04-05
363,350.0,13.0,0.11926769216761915,2012-03-29
368,350.0,18.0,0.17592679832065025,2012-03-22
369,356.5,12.5,0.11360178155231604,2012-03-15
375,352.0,23.0,0.23258590447368138,2012-03-08
365,355.0,10.0,0.08527222847580049,2012-03-01
359,355.0,4.0,0.017281301092163158,2012-02-23
361,365.0,-4.0,-0.07337326875268661,2012-02-16
368,370.0,-2.0,-0.05070962629147417,2012-02-09
372,370.5,1.5,-0.011048251984352397,2012-02-02
381,370.0,11.0,0.09660404970640671,2012-01-26
367,384.0,-17.0,-0.22068694475056747,2012-01-19
391,375.0,16.0,0.1532631558594378,2012-01-12
376,375.0,1.0,-0.016714162599655507,2012-01-05
386,374.5,11.5,0.10226996032170982,2011-12-29
368,380.0,-12.0,-0.1640278385975364,2011-12-22
368,390.0,-22.0,-0.2773460509035986,2011-12-15
387,395.0,-8.0,-0.11870055367511151,2011-12-08
397,390.0,7.0,0.05127676478398182,2011-12-01
385,390.0,-5.0,-0.08470508998329283,2011-11-23
383,395.0,-12.0,-0.1640278385975364,2011-11-17
392,400.0,-8.0,-0.11870055367511151,2011-11-10
399,400.0,-1.0,-0.03937780506086795,2011-11-03
403,401.0,2.0,-0.0053823413690492865,2011-10-27
395,400.0,-5.0,-0.08470508998329283,2011-10-20
410,405.0,5.0,0.02861312232276938,2011-10-13
405,410.0,-5.0,-0.08470508998329283,2011-10-06
406,420.0,-14.0,-0.1866914810587488,2011-09-29
422,420.0,2.0,-0.0053823413690492865,2011-09-22
429,411.0,18.0,0.17592679832065025,2011-09-15
414,405.0,9.0,0.07394040724519427,2011-09-08
409,410.0,-1.0,-0.03937780506086795,2011-09-01
415,405.0,10.0,0.08527222847580049,2011-08-25
409,400.0,9.0,0.07394040724519427,2011-08-18
405,405.0,0.0,-0.02804598383026173,2011-08-11
406,405.0,1.0,-0.016714162599655507,2011-08-04
411,415.0,-4.0,-0.07337326875268661,2011-07-28
420,410.0,10.0,0.08527222847580049,2011-07-21
408,415.0,-7.0,-0.10736873244450529,2011-07-14
418,420.0,-2.0,-0.05070962629147417,2011-07-07
421,420.0,1.0,-0.016714162599655507,2011-06-30
416,415.0,1.0,-0.016714162599655507,2011-06-23
413,420.0,-7.0,-0.10736873244450529,2011-06-16
423,419.0,4.0,0.017281301092163158,2011-06-09
418,417.0,1.0,-0.016714162599655507,2011-06-02
423,404.0,19.0,0.1872586195512565,2011-05-26
414,420.0,-6.0,-0.09603691121389905,2011-05-19
435,430.0,5.0,0.02861312232276938,2011-05-12
468,410.0,58.0,0.6291996475448991,2011-05-05
422,395.0,27.0,0.27791318939610626,2011-04-28
402,390.0,12.0,0.10793587093701293,2011-04-21
416,380.0,36.0,0.37989958047156225,2011-04-14
395,385.0,10.0,0.08527222847580049,2011-04-07
399,380.0,19.0,0.1872586195512565,2011-03-31
407,383.0,24.0,0.2439177257042876,2011-03-24
404,387.5,16.5,0.15892906647474092,2011-03-17
414,376.0,38.0,0.4025632229327747,2011-03-10
385,395.0,-10.0,-0.14136419613632395,2011-03-03
394,405.0,-11.0,-0.15269601736693017,2011-02-24
425,400.0,25.0,0.2552495469348938,2011-02-17
402,410.0,-8.0,-0.11870055367511151,2011-02-10
420,420.0,0.0,-0.02804598383026173,2011-02-03
446,405.0,41.0,0.4365586866245934,2011-01-27
421,420.0,1.0,-0.016714162599655507,2011-01-20
434,409.5,24.5,0.2495836363195907,2011-01-13
413,407.5,5.5,0.03427903293807249,2011-01-06
404,415.0,-11.0,-0.15269601736693017,2010-12-30
424,420.0,4.0,0.017281301092163158,2010-12-23
425,425.0,0.0,-0.02804598383026173,2010-12-16
428,425.0,3.0,0.005949479861556935,2010-12-09
432,424.0,8.0,0.06260858601458805,2010-12-02
407,435.0,-28.0,-0.3453369782872359,2010-11-24
432,440.5,-8.5,-0.12436646429041462,2010-11-18
434,450.0,-16.0,-0.20935512351996124,2010-11-10
453,442.0,11.0,0.09660404970640671,2010-11-04
432,450.0,-18.0,-0.2320187659811737,2010-10-28
444,455.0,-11.0,-0.15269601736693017,2010-10-21
459,445.0,14.0,0.13059951339822537,2010-10-14
446,455.0,-9.0,-0.13003237490571773,2010-10-07
459,460.0,-1.0,-0.03937780506086795,2010-09-30
459,450.0,9.0,0.07394040724519427,2010-09-23
444,459.0,-15.0,-0.19802330228935502,2010-09-16
452,470.0,-18.0,-0.2320187659811737,2010-09-09
467,475.0,-8.0,-0.11870055367511151,2010-09-02
464,490.0,-26.0,-0.3226733358260235,2010-08-26
486,478.0,8.0,0.06260858601458805,2010-08-19
483,465.0,18.0,0.17592679832065025,2010-08-12
476,455.0,21.0,0.20992226201246894,2010-08-05
465,460.0,5.0,0.02861312232276938,2010-07-29
462,450.0,12.0,0.10793587093701293,2010-07-22
439,445.0,-6.0,-0.09603691121389905,2010-07-15
454,460.0,-6.0,-0.09603691121389905,2010-07-08
464,455.0,9.0,0.07394040724519427,2010-07-01
452,462.5,-10.5,-0.14703010675162706,2010-06-24
467,450.0,17.0,0.16459497709004403,2010-06-17
459,450.0,9.0,0.07394040724519427,2010-06-10
458,455.0,3.0,0.005949479861556935,2010-06-03
463,455.0,8.0,0.06260858601458805,2010-05-27
474,440.0,34.0,0.3572359380103498,2010-05-20
451,440.0,11.0,0.09660404970640671,2010-05-13
451,440.0,11.0,0.09660404970640671,2010-05-06
449,445.0,4.0,0.017281301092163158,2010-04-29
469,450.0,19.0,0.1872586195512565,2010-04-22
479,440.0,39.0,0.4138950441633809,2010-04-15
479,435.0,44.0,0.47055415031641207,2010-04-08
459,440.0,19.0,0.1872586195512565,2010-04-01
472,450.0,22.0,0.22125408324307516,2010-03-25
478,455.0,23.0,0.23258590447368138,2010-03-18
472,460.0,12.0,0.10793587093701293,2010-03-11
488,470.0,18.0,0.17592679832065025,2010-03-04
500,460.0,40.0,0.42522686539398713,2010-02-25
489,437.5,51.5,0.5555428095459587,2010-02-18
466,465.0,1.0,-0.016714162599655507,2010-02-11
496,455.0,41.0,0.4365586866245934,2010-02-04
471,450.0,21.0,0.20992226201246894,2010-01-28
507,440.0,67.0,0.7311860386203551,2010-01-21
469,437.0,32.0,0.33457229554913737,2010-01-14
456,440.0,16.0,0.1532631558594378,2010-01-07
468,460.0,8.0,0.06260858601458805,2009-12-31
479,470.0,9.0,0.07394040724519427,2009-12-24
498,465.0,33.0,0.3459041167797436,2009-12-17
497,455.0,42.0,0.4478905078551996,2009-12-10
475,480.0,-5.0,-0.08470508998329283,2009-12-03
482,500.0,-18.0,-0.2320187659811737,2009-11-25
507,504.0,3.0,0.005949479861556935,2009-11-19
512,510.0,2.0,-0.0053823413690492865,2009-11-12
522,521.5,0.5,-0.02238007321495862,2009-11-05
530,525.0,5.0,0.02861312232276938,2009-10-29
531,515.0,16.0,0.1532631558594378,2009-10-22
511,520.0,-9.0,-0.13003237490571773,2009-10-15
533,540.0,-7.0,-0.10736873244450529,2009-10-08
554,535.0,19.0,0.1872586195512565,2009-10-01
536,550.0,-14.0,-0.1866914810587488,2009-09-24
542,556.5,-14.5,-0.19235739167405191,2009-09-17
558,560.0,-2.0,-0.05070962629147417,2009-09-10
564,563.5,0.5,-0.02238007321495862,2009-09-03
560,565.0,-5.0,-0.08470508998329283,2009-08-27
562,551.0,11.0,0.09660404970640671,2009-08-20
555,545.0,10.0,0.08527222847580049,2009-08-13
555,580.0,-25.0,-0.31134151459541726,2009-08-06
587,575.0,12.0,0.10793587093701293,2009-07-30
560,556.5,3.5,0.011615390476860046,2009-07-23
546,553.0,-7.0,-0.10736873244450529,2009-07-16
573,602.5,-29.5,-0.3623347101331453,2009-07-09
594,615.0,-21.0,-0.2660142296729924,2009-07-02
608,600.0,8.0,0.06260858601458805,2009-06-25
595,603.5,-8.5,-0.12436646429041462,2009-06-18
596,615.0,-19.0,-0.24335058721177993,2009-06-11
607,620.0,-13.0,-0.1753596598281426,2009-06-04
606,627.0,-21.0,-0.2660142296729924,2009-05-28
620,625.0,-5.0,-0.08470508998329283,2009-05-21
625,611.0,14.0,0.13059951339822537,2009-05-14
602,635.0,-33.0,-0.401996084440267,2009-05-07
620,640.0,-20.0,-0.25468240844238615,2009-04-30
639,640.0,-1.0,-0.03937780506086795,2009-04-23
599,660.0,-61.0,-0.7192870788972412,2009-04-16
653,660.0,-7.0,-0.10736873244450529,2009-04-09
665,650.0,15.0,0.1419313346288316,2009-04-02
661,650.0,11.0,0.09660404970640671,2009-03-26
651,654.0,-3.0,-0.06204144752208039,2009-03-19
660,645.0,15.0,0.1419313346288316,2009-03-12
652,650.0,2.0,-0.0053823413690492865,2009-03-05
655,625.0,30.0,0.3119086530879249,2009-02-26
632,620.0,12.0,0.10793587093701293,2009-02-19
637,610.0,27.0,0.27791318939610626,2009-02-12
629,580.0,49.0,0.5272132564694432,2009-02-05
586,575.0,11.0,0.09660404970640671,2009-01-29
591,550.0,41.0,0.4365586866245934,2009-01-22
551,503.0,48.0,0.5158814352388369,2009-01-15
503,545.0,-42.0,-0.5039824755157231,2009-01-08
533,575.0,-42.0,-0.5039824755157231,2008-12-31
587,560.0,27.0,0.27791318939610626,2008-12-24
566,554.0,12.0,0.10793587093701293,2008-12-18
570,525.0,45.0,0.4818859715470183,2008-12-11
529,535.0,-6.0,-0.09603691121389905,2008-12-04
532,535.0,-3.0,-0.06204144752208039,2008-11-26
536,505.0,31.0,0.32324047431853115,2008-11-20
512,480.0,32.0,0.33457229554913737,2008-11-13
490,477.0,13.0,0.11926769216761915,2008-11-06
480,475.0,5.0,0.02861312232276938,2008-10-30
478,468.0,10.0,0.08527222847580049,2008-10-23
461,470.0,-9.0,-0.13003237490571773,2008-10-16
482,475.0,7.0,0.05127676478398182,2008-10-09
483,475.0,8.0,0.06260858601458805,2008-10-02
483,450.0,33.0,0.3459041167797436,2008-09-25
449,440.0,9.0,0.07394040724519427,2008-09-18
441,440.0,1.0,-0.016714162599655507,2008-09-11
442,420.0,22.0,0.22125408324307516,2008-09-04
421,425.0,-4.0,-0.07337326875268661,2008-08-28
424,440.0,-16.0,-0.20935512351996124,2008-08-21
430,435.0,-5.0,-0.08470508998329283,2008-08-14
448,425.0,23.0,0.23258590447368138,2008-08-07
434,392.5,41.5,0.4422245972398965,2008-07-31
402,380.0,22.0,0.22125408324307516,2008-07-24
385,380.0,5.0,0.02861312232276938,2008-07-17
371,395.0,-24.0,-0.30000969336481104,2008-07-10
392,385.0,7.0,0.05127676478398182,2008-07-03
381,375.0,6.0,0.0399449435533756,2008-06-26
378,375.0,3.0,0.005949479861556935,2008-06-19
382,370.0,12.0,0.10793587093701293,2008-06-12
362,375.0,-13.0,-0.1753596598281426,2008-06-05
369,370.0,-1.0,-0.03937780506086795,2008-05-29
367,373.0,-6.0,-0.09603691121389905,2008-05-22
366,370.0,-4.0,-0.07337326875268661,2008-05-15
370,370.0,0.0,-0.02804598383026173,2008-05-08
370,365.0,5.0,0.02861312232276938,2008-05-01
349,375.0,-26.0,-0.3226733358260235,2008-04-24
365,375.0,-10.0,-0.14136419613632395,2008-04-17
354,382.5,-28.5,-0.351002888902539,2008-04-10
387,366.0,21.0,0.20992226201246894,2008-04-03
368,370.0,-2.0,-0.05070962629147417,2008-03-27
369,360.0,9.0,0.07394040724519427,2008-03-20
348,357.0,-9.0,-0.13003237490571773,2008-03-13
345,360.0,-15.0,-0.19802330228935502,2008-03-06
354,350.0,4.0,0.017281301092163158,2008-02-28
339,349.0,-10.0,-0.14136419613632395,2008-02-21
344,346.5,-2.5,-0.05637553690677728,2008-02-14
350,342.0,8.0,0.06260858601458805,2008-02-07
366,319.0,47.0,0.5045496140082307,2008-01-31
321,320.0,1.0,-0.016714162599655507,2008-01-24
322,331.0,-9.0,-0.13003237490571773,2008-01-17
346,340.0,6.0,0.0399449435533756,2008-01-10
360,345.0,15.0,0.1419313346288316,2008-01-03
355,340.0,15.0,0.1419313346288316,2007-12-27
350,335.0,15.0,0.1419313346288316,2007-12-20
332,335.0,-3.0,-0.06204144752208039,2007-12-13
344,335.0,9.0,0.07394040724519427,2007-12-06
352,330.0,22.0,0.22125408324307516,2007-11-29
332,330.0,2.0,-0.0053823413690492865,2007-11-21
333,320.0,13.0,0.11926769216761915,2007-11-15
327,325.0,2.0,-0.0053823413690492865,2007-11-08
328,330.0,-2.0,-0.05070962629147417,2007-11-01
334,320.0,14.0,0.13059951339822537,2007-10-25
335,312.0,23.0,0.23258590447368138,2007-10-18
316,315.0,1.0,-0.016714162599655507,2007-10-11
317,310.0,7.0,0.05127676478398182,2007-10-04
302,316.0,-14.0,-0.1866914810587488,2007-09-27
313,320.5,-7.5,-0.1130346430598084,2007-09-20
321,325.0,-4.0,-0.07337326875268661,2007-09-13
314,330.0,-16.0,-0.20935512351996124,2007-09-06
329,320.0,9.0,0.07394040724519427,2007-08-30
321,320.0,1.0,-0.016714162599655507,2007-08-23
316,315.0,1.0,-0.016714162599655507,2007-08-16
314,310.0,4.0,0.017281301092163158,2007-08-09
305,310.0,-5.0,-0.08470508998329283,2007-08-02
310,310.0,0.0,-0.02804598383026173,2007-07-26
317,310.5,6.5,0.04561085416867871,2007-07-19
321,315.0,6.0,0.0399449435533756,2007-07-12
317,315.0,2.0,-0.0053823413690492865,2007-07-05
313,315.0,-2.0,-0.05070962629147417,2007-06-28
320,311.0,9.0,0.07394040724519427,2007-06-21
313,312.0,1.0,-0.016714162599655507,2007-06-14
313,312.0,1.0,-0.016714162599655507,2007-06-07
310,314.0,-4.0,-0.07337326875268661,2007-05-31
310,305.0,5.0,0.02861312232276938,2007-05-24
297,315.0,-18.0,-0.2320187659811737,2007-05-17
300,315.0,-15.0,-0.19802330228935502,2007-05-10
301,325.0,-24.0,-0.30000969336481104,2007-05-03
321,330.0,-9.0,-0.13003237490571773,2007-04-26
327,320.0,7.0,0.05127676478398182,2007-04-19
332,320.0,12.0,0.10793587093701293,2007-04-12
307,315.0,-8.0,-0.11870055367511151,2007-04-05
303,320.0,-17.0,-0.22068694475056747,2007-03-29
309,323.0,-14.0,-0.1866914810587488,2007-03-22
308,327.5,-19.5,-0.24901649782708304,2007-03-15
320,330.0,-10.0,-0.14136419613632395,2007-03-08
322,325.0,-3.0,-0.06204144752208039,2007-03-01
321,325.0,-4.0,-0.07337326875268661,2007-02-22
338,314.0,24.0,0.2439177257042876,2007-02-15
310,312.0,-2.0,-0.05070962629147417,2007-02-08
308,315.0,-7.0,-0.10736873244450529,2007-02-01
335,310.0,25.0,0.2552495469348938,2007-01-25
296,314.0,-18.0,-0.2320187659811737,2007-01-18
330,320.0,10.0,0.08527222847580049,2007-01-11
341,320.0,21.0,0.20992226201246894,2007-01-04
323,320.0,3.0,0.005949479861556935,2006-12-28
318,315.0,3.0,0.005949479861556935,2006-12-21
311,320.0,-9.0,-0.13003237490571773,2006-12-14
327,325.0,2.0,-0.0053823413690492865,2006-12-07
349,315.0,34.0,0.3572359380103498,2006-11-30
326,310.0,16.0,0.1532631558594378,2006-11-22
311,311.0,0.0,-0.02804598383026173,2006-11-16
319,318.0,1.0,-0.016714162599655507,2006-11-09
328,310.0,18.0,0.17592679832065025,2006-11-02
313,306.5,6.5,0.04561085416867871,2006-10-26
305,310.0,-5.0,-0.08470508998329283,2006-10-19
316,311.0,5.0,0.02861312232276938,2006-10-12
309,315.0,-6.0,-0.09603691121389905,2006-10-05
319,315.0,4.0,0.017281301092163158,2006-09-28
324,310.0,14.0,0.13059951339822537,2006-09-21
314,315.0,-1.0,-0.03937780506086795,2006-09-14
315,315.0,0.0,-0.02804598383026173,2006-09-07
314,315.0,-1.0,-0.03937780506086795,2006-08-31
315,315.0,0.0,-0.02804598383026173,2006-08-24
310,315.0,-5.0,-0.08470508998329283,2006-08-17
318,315.0,3.0,0.005949479861556935,2006-08-10
311,308.0,3.0,0.005949479861556935,2006-08-03
306,310.0,-4.0,-0.07337326875268661,2006-07-27
318,320.0,-2.0,-0.05070962629147417,2006-07-20
343,320.0,23.0,0.23258590447368138,2006-07-13
316,315.0,1.0,-0.016714162599655507,2006-07-06
309,310.0,-1.0,-0.03937780506086795,2006-06-29
308,306.0,2.0,-0.0053823413690492865,2006-06-22
298,320.0,-22.0,-0.2773460509035986,2006-06-15
307,330.0,-23.0,-0.2886778721342048,2006-06-08
330,320.0,10.0,0.08527222847580049,2006-06-01
319,315.0,4.0,0.017281301092163158,2006-05-25
335,319.0,16.0,0.1532631558594378,2006-05-18
347,315.0,32.0,0.33457229554913737,2006-05-11
321,310.0,11.0,0.09660404970640671,2006-05-04
308,305.0,3.0,0.005949479861556935,2006-04-27
299,308.5,-9.5,-0.13569828552102084,2006-04-20
299,305.0,-6.0,-0.09603691121389905,2006-04-13
291,305.0,-14.0,-0.1866914810587488,2006-04-06
295,305.0,-10.0,-0.14136419613632395,2006-03-30
303,305.0,-2.0,-0.05070962629147417,2006-03-23
307,298.0,9.0,0.07394040724519427,2006-03-16
302,290.0,12.0,0.10793587093701293,2006-03-09
293,285.0,8.0,0.06260858601458805,2006-03-02
283,300.0,-17.0,-0.22068694475056747,2006-02-23
298,285.0,13.0,0.11926769216761915,2006-02-16
289,285.0,4.0,0.017281301092163158,2006-02-09
282,295.0,-13.0,-0.1753596598281426,2006-02-02
290,300.0,-10.0,-0.14136419613632395,2006-01-26
285,315.0,-30.0,-0.36800062074844836,2006-01-19
326,315.0,11.0,0.09660404970640671,2006-01-12
302,320.0,-18.0,-0.2320187659811737,2006-01-05
320,320.0,0.0,-0.02804598383026173,2005-12-29
312,325.0,-13.0,-0.1753596598281426,2005-12-22
327,320.0,7.0,0.05127676478398182,2005-12-15
321,317.5,3.5,0.011615390476860046,2005-12-08
311,325.0,-14.0,-0.1866914810587488,2005-12-01
324,312.0,12.0,0.10793587093701293,2005-11-23
309,323.5,-14.5,-0.19235739167405191,2005-11-17
325,320.0,5.0,0.02861312232276938,2005-11-10
322,330.0,-8.0,-0.11870055367511151,2005-11-03
324,340.0,-16.0,-0.20935512351996124,2005-10-27
348,365.0,-17.0,-0.22068694475056747,2005-10-20
383,360.0,23.0,0.23258590447368138,2005-10-13
384,350.0,34.0,0.3572359380103498,2005-10-06
359,417.5,-58.5,-0.6909575258207257,2005-09-29
424,450.0,-26.0,-0.3226733358260235,2005-09-22
422,350.0,72.0,0.7878451447733863,2005-09-15
326,315.0,11.0,0.09660404970640671,2005-09-08
318,315.0,3.0,0.005949479861556935,2005-09-01
315,315.0,0.0,-0.02804598383026173,2005-08-25
319,310.0,9.0,0.07394040724519427,2005-08-18
311,315.0,-4.0,-0.07337326875268661,2005-08-11
316,315.0,1.0,-0.016714162599655507,2005-08-04
318,318.0,0.0,-0.02804598383026173,2005-07-28
323,325.0,-2.0,-0.05070962629147417,2005-07-21
338,322.0,16.0,0.1532631558594378,2005-07-14
327,320.0,7.0,0.05127676478398182,2005-07-07
311,325.0,-14.0,-0.1866914810587488,2005-06-30
321,330.0,-9.0,-0.13003237490571773,2005-06-23
333,330.0,3.0,0.005949479861556935,2005-06-16
338,332.5,5.5,0.03427903293807249,2005-06-09
